"Name","Symbol","Daily","1 Week","1 Month","YTD","1 Year","3 Years"
"8x8","EGHT","1.39%","3.78%","11.99%","55.67%","59.06%","161.00%"
"A Schulman","SHLM","-0.23%","-1.04%","-3.59%","15.30%","61.34%","13.09%"
"AAON","AAON","0.27%","2.80%","11.03%","0.14%","-1.47%","59.71%"
"AAR","AIR","-0.70%","2.43%","-1.14%","18.99%","28.12%","61.21%"
"ABAXIS","ABAX","0.01%","0.02%","0.11%","68.21%","62.85%","46.78%"
"Abercrombie&Fitch","ANF","-2.64%","3.97%","-6.34%","50.09%","173.64%","24.39%"
"ABM Industries","ABM","-0.27%","-4.59%","-1.77%","-20.63%","-31.88%","-8.75%"
"Acadia","AKR","-0.82%","-1.59%","-6.41%","-2.89%","-7.16%","-15.62%"
"Aceto","ACET","-1.52%","-5.56%","-19.25%","-68.73%","-78.83%","-87.43%"
"Acorda","ACOR","-1.37%","-3.52%","-2.38%","34.03%","39.23%","-18.39%"
"Actuant","ATU","-0.18%","-1.23%","-5.88%","10.67%","16.42%","21.74%"
"ADTRAN","ADTN","0.30%","5.43%","14.98%","-14.73%","-29.18%","1.35%"
"Advanced Energy","AEIS","-1.03%","1.18%","-1.66%","-11.32%","-20.22%","125.56%"
"AdvanSix","ASIX","-2.40%","1.85%","2.06%","-7.01%","15.33%","-"
"Aegion","AEGN","-1.36%","-1.01%","-2.57%","-0.28%","6.96%","45.83%"
"Aerojet Rocketdyne","AJRD","-0.43%","0.17%","3.70%","-2.95%","30.40%","27.71%"
"AeroVironment","AVAV","0.40%","2.55%","26.62%","33.97%","96.45%","182.33%"
"Agilysys","AGYS","-0.36%","-0.67%","5.95%","33.39%","57.80%","79.02%"
"Agree","ADC","-1.71%","-1.15%","-0.45%","3.99%","13.21%","72.38%"
"AK Steel","AKS","0.83%","5.64%","-0.20%","-13.96%","-21.45%","80.37%"
"Alamo","ALG","0.64%","1.44%","-0.88%","-19.14%","-0.86%","74.98%"
"Albany","AIN","0.70%","2.38%","4.89%","4.80%","19.59%","68.28%"
"Allegiant","ALGT","0.28%","0.70%","0.03%","-6.82%","-0.41%","-29.00%"
"Allete","ALE","-1.14%","-0.06%","1.59%","4.25%","5.54%","65.15%"
"AMAG","AMAG","-1.35%","0.46%","0.46%","64.91%","13.21%","-69.88%"
"Amedisys","AMED","0.22%","1.71%","10.01%","81.37%","61.08%","113.92%"
"American Assets","AAT","-1.68%","-1.57%","-2.11%","-1.75%","-6.54%","-8.85%"
"American Axle&Manufacturing","AXL","-2.06%","-2.89%","-7.35%","-5.28%","4.06%","-20.19%"
"American Equity Inv. Life","AEL","-0.03%","-1.13%","-2.82%","14.35%","25.50%","30.58%"
"American Public Education","APEI","0.90%","0.22%","2.29%","78.24%","93.71%","66.92%"
"American States Water","AWR","-1.15%","1.06%","3.33%","3.85%","21.03%","55.68%"
"American Vanguard","AVD","-0.92%","-2.48%","-6.68%","10.18%","16.09%","65.65%"
"American Woodmark","AMWD","-1.66%","-6.05%","-8.01%","-33.86%","-13.50%","43.23%"
"Ameris","ABCB","0.29%","1.17%","-8.55%","7.57%","10.44%","96.77%"
"AMERISAFE","AMSF","1.39%","5.08%","4.37%","0.81%","9.23%","35.47%"
"AMN Healthcare Services","AMN","-0.49%","2.77%","0.66%","24.26%","61.05%","96.78%"
"Amneal Pharma A","AMRX","0.16%","-1.28%","7.11%","11.23%","2.04%","-63.00%"
"Amphastar P","AMPH","1.56%","2.24%","7.17%","-12.16%","-8.40%","-1.63%"
"AngioDynamics","ANGO","-0.60%","3.98%","-5.93%","28.80%","36.87%","34.29%"
"ANI Pharma","ANIP","-0.10%","-0.55%","3.54%","9.37%","45.22%","-0.18%"
"Anika","ANIK","0.32%","-3.09%","10.53%","-36.51%","-28.55%","-2.42%"
"Anixter","AXE","13.18%","15.46%","14.48%","-1.71%","-4.66%","19.23%"
"Apogee","APOG","-0.98%","-3.44%","10.05%","6.08%","-8.23%","-14.61%"
"Applied Industrial Technologies","AIT","0.20%","3.28%","1.07%","11.01%","32.98%","94.85%"
"ArcBest Corp","ARCB","0.00%","4.94%","-2.30%","30.63%","116.71%","50.69%"
"Archrock","AROC","-1.55%","-0.78%","4.96%","20.95%","11.40%","-24.63%"
"Asbury Automotive","ABG","-0.07%","2.97%","-7.29%","8.36%","20.92%","-20.23%"
"ASGN","ASGN","-0.15%","2.31%","3.99%","31.38%","54.65%","111.26%"
"Astec","ASTE","-0.49%","-0.20%","1.64%","4.91%","10.64%","59.36%"
"Atlas Air","AAWW","-0.36%","-2.13%","-6.19%","17.65%","19.48%","36.34%"
"ATN Int","ATNI","-0.63%","-3.49%","9.46%","-0.80%","-17.56%","-22.41%"
"Avista","AVA","0.00%","0.52%","-4.44%","-2.12%","-3.61%","59.09%"
"Axon Enterprise","AAXN","1.04%","8.91%","9.14%","178.60%","192.28%","129.29%"
"AZZ","AZZ","1.74%","1.56%","25.28%","8.61%","8.50%","6.24%"
"B&G Foods","BGS","-0.33%","1.83%","-4.82%","-12.94%","-17.85%","7.37%"
"Badger Meter","BMI","3.04%","14.12%","14.49%","9.94%","17.56%","-8.24%"
"Balchem","BCPC","-0.58%","1.45%","2.11%","23.93%","27.98%","78.28%"
"Banc of California","BANC","0.26%","1.31%","-0.52%","-6.54%","-3.50%","37.07%"
"Banner","BANR","0.24%","2.80%","-0.06%","12.55%","10.94%","25.97%"
"Barnes","B","0.15%","1.91%","4.03%","-2.05%","1.87%","57.44%"
"Barnes & Noble Education Inc","BNED","-2.89%","-1.83%","-23.29%","-34.83%","-28.69%","-"
"Barnes&Noble","BKS","0.00%","1.85%","-14.73%","-17.91%","-23.08%","-70.48%"
"Bel Fuse B","BELFB","1.55%","12.22%","2.46%","-8.86%","-8.57%","11.68%"
"Belmond","BEL","-0.87%","-1.30%","-4.22%","-7.35%","-14.02%","-5.10%"
"Benchmark Electronics","BHE","-0.34%","-1.01%","-3.45%","0.86%","-12.39%","42.41%"
"Big 5","BGFV","-5.11%","-3.70%","-21.69%","-14.47%","-42.73%","-57.63%"
"Biglari","BH","-3.09%","-3.51%","-4.08%","-55.16%","-52.95%","-56.52%"
"BioTelemetry","BEAT","0.10%","2.23%","9.34%","68.39%","46.37%","349.55%"
"BJs Restaurants","BJRI","-1.94%","2.19%","2.27%","73.35%","80.54%","25.32%"
"Black Box","BBOX","-2.40%","-28.51%","-30.64%","-54.08%","-79.50%","-91.16%"
"Blackbaud","BLKB","1.10%","3.03%","9.11%","24.63%","31.49%","93.59%"
"Blucora","BCOR","-1.05%","-0.53%","-1.57%","70.36%","81.88%","138.44%"
"BofI Holding","BOFI","0.77%","2.89%","-3.05%","39.20%","67.08%","40.51%"
"Boise Cascad Llc","BCC","-4.35%","-3.62%","-0.11%","10.15%","49.74%","25.50%"
"Boston Private","BPFH","-0.33%","-6.54%","-10.98%","-2.91%","-0.99%","13.64%"
"Bottomline","EPAY","0.00%","2.09%","11.28%","60.44%","95.50%","96.61%"
"Boyd Gaming","BYD","0.63%","0.47%","4.84%","9.42%","48.30%","129.37%"
"Brady","BRC","-0.93%","-4.84%","-6.16%","-1.45%","10.67%","54.47%"
"Briggs&Stratton","BGG","-0.06%","-8.78%","-7.68%","-33.66%","-29.70%","-8.43%"
"Brinks","BCO","0.06%","-3.31%","-2.78%","2.03%","12.70%","176.42%"
"Bristow","BRS","1.96%","0.55%","3.05%","7.87%","93.73%","-69.09%"
"Brookline Bancorp","BRKL","1.08%","2.46%","-2.60%","19.43%","25.84%","62.34%"
"Brooks Automation","BRKS","-0.99%","-0.28%","-4.69%","34.63%","25.04%","195.67%"
"Buckle","BKE","-2.22%","4.31%","-13.88%","1.89%","44.48%","-44.81%"
"Cabot","CCMP","0.36%","3.70%","8.25%","25.74%","49.75%","170.34%"
"CACI","CACI","0.59%","0.67%","4.42%","35.66%","41.04%","119.04%"
"Cal-Maine","CALM","0.77%","0.55%","-10.52%","3.37%","23.85%","-14.53%"
"CalAmp","CAMP","0.17%","-3.28%","2.78%","8.54%","20.77%","29.37%"
"Calavo Growers","CVGW","-0.11%","-1.21%","-1.00%","11.43%","27.96%","66.67%"
"Caleres","CAL","-1.68%","6.23%","-0.11%","6.48%","33.72%","8.85%"
"California Water Service","CWT","-1.22%","-0.73%","1.62%","-10.36%","2.91%","74.46%"
"Callaway Golf","ELY","1.96%","3.45%","-2.78%","37.83%","50.71%","123.78%"
"Cambrex","CBM","0.63%","1.63%","18.50%","16.77%","-4.84%","12.23%"
"Cantel Medical","CMD","0.58%","-0.52%","-7.02%","-8.40%","23.81%","69.23%"
"Capella","CPLA","0.14%","0.62%","5.84%","35.72%","19.44%","90.14%"
"Capstead Mortgage","CMO","0.23%","1.05%","-5.87%","0.12%","-15.01%","-24.63%"
"Carbo Ceramics","CRR","0.43%","-5.81%","9.67%","-7.56%","37.77%","-72.05%"
"Cardtronics","CATM","-0.63%","1.67%","2.61%","44.28%","-14.82%","-23.66%"
"Career","CECO","-1.01%","3.80%","14.26%","53.89%","97.14%","425.14%"
"Caretrust Inc","CTRE","-1.73%","0.59%","0.29%","1.43%","-7.26%","27.15%"
"Carrizo Oil&Gas","CRZO","-2.28%","-0.67%","1.29%","32.85%","83.93%","-26.26%"
"Cato","CATO","1.25%","13.44%","1.81%","62.81%","52.47%","-32.62%"
"Cavco","CVCO","-2.13%","0.80%","5.97%","44.23%","69.24%","203.21%"
"Cedar Realty","CDR","0.82%","2.71%","0.41%","-18.91%","-4.09%","-27.50%"
"Celadon","CGIP","-0.56%","-1.39%","22.76%","-44.38%","-11.00%","-83.63%"
"Central Garden&Pet","CENT","-0.89%","-0.09%","5.24%","11.90%","30.90%","344.39%"
"Central Garden&Pet A","CENTA","-0.49%","0.10%","5.63%","7.96%","27.38%","276.94%"
"Century Aluminum","CENX","-0.95%","-8.99%","-24.83%","-34.01%","-28.60%","42.26%"
"CEVA","CEVA","-1.22%","2.85%","3.83%","-29.58%","-29.65%","88.08%"
"Chart Industries","GTLS","-1.00%","16.91%","21.07%","64.06%","120.73%","145.23%"
"Chemed","CHE","0.05%","1.26%","3.15%","35.03%","61.31%","143.46%"
"Chemours Co","CC","-1.01%","0.78%","-3.77%","-9.65%","0.96%","275.66%"
"Chesapeake Lodging","CHSP","-0.34%","0.31%","0.37%","20.38%","32.83%","0.34%"
"Chuy's Holdings","CHUY","0.15%","5.30%","4.17%","20.32%","41.21%","24.17%"
"Cincinnati Bell","CBB","-4.43%","-16.72%","-11.90%","-37.89%","-30.19%","-33.42%"
"CIRCOR","CIR","1.19%","5.15%","2.74%","-16.06%","-28.83%","-15.82%"
"City Holding","CHCO","1.97%","4.67%","2.31%","17.27%","21.70%","54.05%"
"Clearwater Paper","CLW","-0.63%","1.07%","-0.00%","-48.02%","-52.37%","-57.93%"
"Cloud Peak Energy","CLD","-3.34%","-2.45%","-16.54%","-28.54%","-9.66%","-4.22%"
"CMTSU Liquidation","CBRI","-6.25%","-0.00%","-25.00%","-80.00%","-95.00%","-99.91%"
"Cogent","CCOI","-0.47%","-3.14%","-4.02%","15.89%","17.85%","62.84%"
"Coherent","COHR","-1.30%","3.59%","9.15%","-40.08%","-37.11%","176.67%"
"Cohu","COHU","-0.80%","3.13%","3.38%","18.59%","35.01%","114.59%"
"Columbia Banking","COLB","0.64%","4.30%","-2.16%","-2.81%","7.79%","30.07%"
"Comfort Systems","FIX","-0.10%","0.52%","4.75%","11.23%","32.83%","90.77%"
"Community Bank System","CBU","1.24%","3.39%","1.87%","16.82%","15.66%","57.76%"
"Community Health Systems","CYH","-2.17%","-5.24%","-36.68%","-36.38%","-70.77%","-95.41%"
"Computer Programs&Systems","CPSI","0.29%","-0.73%","1.19%","13.31%","8.61%","-39.54%"
"Comtech","CMTL","-0.53%","-3.53%","6.78%","53.16%","81.27%","16.31%"
"CONMED","CNMD","-0.43%","-0.47%","-3.93%","44.07%","46.54%","27.44%"
"Consolidated Communications","CNSL","-1.50%","-5.23%","-7.46%","-0.33%","-34.32%","-39.79%"
"Contango Oil&Gas","MCF","-2.99%","-0.16%","5.66%","30.79%","2.84%","-39.96%"
"Cooper Stnd","CPS","-1.54%","-0.19%","-1.46%","9.34%","29.52%","112.00%"
"Core-Mark","CORE","0.70%","3.58%","6.66%","-22.96%","-34.42%","-59.75%"
"CoreSite","COR","-0.46%","-0.77%","3.38%","-0.96%","7.32%","133.75%"
"Corindus Vascular Robotics","CR3","1.93%","-1.96%","44.69%","9.62%","-36.93%","-73.21%"
"CorVel","CRVL","1.26%","0.99%","2.28%","6.05%","17.49%","77.76%"
"CPB","CPF","0.34%","0.80%","-2.08%","-2.38%","-6.31%","23.65%"
"Cray","CRAY","-3.38%","0.19%","0.19%","6.40%","38.81%","-1.45%"
"Crocs","CROX","-2.27%","3.10%","-2.00%","39.64%","126.57%","22.23%"
"Cross Country","CCRN","-1.09%","-0.59%","-2.07%","-7.29%","-3.27%","-6.92%"
"CryoLife","CRY","0.67%","1.01%","6.39%","56.40%","56.40%","161.57%"
"CSG Systems","CSGS","0.07%","-0.31%","-2.92%","-6.05%","0.17%","30.66%"
"CTS Corp","CTS","-0.40%","0.40%","3.73%","45.63%","67.79%","94.10%"
"Cubic","CUB","-0.29%","-1.43%","2.45%","16.88%","44.75%","53.62%"
"Customers Bancorp","CUBI","-0.49%","0.35%","-7.75%","10.39%","3.24%","-0.62%"
"CVB Financial","CVBF","1.62%","4.18%","-2.65%","-1.66%","8.22%","27.73%"
"Daktronics","DAKT","-0.71%","-1.18%","-2.77%","-7.89%","-13.66%","-24.03%"
"Darling Ingredients","DAR","0.20%","0.15%","-0.20%","9.49%","17.94%","49.47%"
"Dave & Buster’s Entertainment","PLAY","-1.13%","-0.51%","-5.14%","-11.27%","-26.78%","24.14%"
"Depomed","DEPO","-0.37%","-0.85%","11.20%","1.12%","-23.21%","-75.11%"
"DHI Group","DHX","-2.27%","-0.00%","-12.24%","13.16%","-18.87%","-75.95%"
"Diamondrock Hospitality","DRH","-0.49%","-0.89%","-0.89%","8.33%","5.80%","-10.27%"
"Digi","DGII","0.00%","1.86%","-0.72%","43.46%","36.32%","42.56%"
"Dime Community","DCOM","0.25%","1.52%","-1.72%","-4.30%","-2.67%","15.30%"
"DineEquity","DIN","0.49%","-3.00%","-11.95%","40.35%","62.85%","-29.66%"
"Diodes","DIOD","0.58%","5.22%","3.51%","32.79%","44.42%","71.49%"
"Diplomat Pharmacy","DPLO","-10.43%","-15.06%","-20.62%","11.26%","42.87%","-56.27%"
"Donnelley Financial Solutions","DFIN","0.59%","7.98%","12.10%","5.54%","-12.32%","-"
"Dorman","DORM","-1.88%","3.42%","1.30%","19.68%","-4.90%","48.75%"
"DSP Group","DSPG","1.15%","1.94%","12.88%","5.20%","7.35%","46.11%"
"DXP Enterprises","DXPE","0.21%","0.61%","7.87%","44.20%","26.15%","11.19%"
"Eagle Pharm","EGRX","-0.56%","4.68%","9.71%","56.10%","10.89%","-10.73%"
"EastGroup Properties","EGP","-3.25%","-4.39%","-2.21%","4.85%","10.51%","54.32%"
"Ebix","EBIX","1.63%","3.57%","5.79%","6.06%","51.17%","178.40%"
"Echo Global","ECHO","2.78%","5.71%","0.80%","12.32%","75.21%","-4.75%"
"eHealth","EHTH","-1.40%","-1.36%","0.88%","38.17%","25.39%","66.32%"
"El Paso Electric","EE","-0.81%","1.41%","3.66%","10.12%","15.00%","74.14%"
"El Pollo Loco Holdings Inc","LOCO","-0.42%","2.59%","3.03%","20.20%","-8.46%","-38.53%"
"Electro Scientific","ESIO","-0.61%","3.88%","6.79%","-16.38%","102.49%","295.58%"
"Electronics for Imaging","EFII","-0.06%","0.69%","3.13%","18.15%","-28.24%","-24.32%"
"Emergent Biosolutions","EBS","-0.75%","-1.27%","4.55%","16.76%","51.10%","59.17%"
"Employers","EIG","1.32%","1.81%","2.42%","-4.73%","-3.09%","81.16%"
"Enanta","ENTA","-0.64%","-0.58%","2.29%","108.49%","226.50%","143.95%"
"Encore Capital","ECPG","-0.68%","-4.08%","-5.94%","-13.42%","-9.22%","-16.13%"
"Encore Wire","WIRE","-0.71%","-0.92%","-3.08%","0.10%","12.60%","13.26%"
"Engility","EGL","-0.48%","-1.52%","16.25%","23.05%","19.92%","48.68%"
"Enova International Inc","ENVA","-0.13%","2.41%","4.79%","151.64%","139.81%","99.22%"
"Enpro Industries","NPO","0.22%","0.37%","5.30%","-21.45%","1.14%","38.38%"
"ePlus","PLUS","0.05%","2.89%","6.06%","34.97%","28.48%","153.18%"
"Era Group Inc","ERA","0.45%","0.53%","-2.98%","24.28%","36.89%","-25.65%"
"ESCO Technologies","ESE","0.33%","-0.41%","4.27%","1.41%","-2.71%","59.66%"
"Essendant Inc","ESND","0.00%","1.91%","5.80%","55.56%","-0.41%","-62.05%"
"Ethan Allen Interiors","ETH","-1.42%","-2.99%","-0.61%","-14.10%","-22.12%","-16.64%"
"Evercore","EVR","0.00%","3.39%","2.04%","22.17%","47.19%","87.95%"
"EW Scripps A","SSP","0.16%","-6.11%","-6.18%","-17.47%","-32.46%","-44.16%"
"ExlServices","EXLS","-0.11%","1.14%","5.30%","3.35%","13.46%","67.66%"
"Exponent","EXPO","-3.17%","-2.20%","-2.79%","37.41%","49.75%","7.79%"
"Express","EXPR","-2.77%","4.80%","-6.38%","-3.15%","59.84%","-47.43%"
"Exterran Corp","EXTN","-0.77%","-3.50%","2.73%","-13.96%","-3.08%","-"
"EZCORP","EZPW","0.41%","1.24%","0.41%","0.41%","53.12%","97.90%"
"Fabrinet","FN","-0.22%","2.78%","8.95%","39.16%","-12.62%","120.66%"
"FARO","FARO","0.09%","3.11%","8.01%","23.30%","47.08%","48.13%"
"Federal Signal","FSS","-0.78%","2.20%","1.34%","20.31%","32.73%","65.66%"
"Fidelity","LION","-3.97%","-2.47%","-5.25%","14.22%","13.85%","33.51%"
"Fiesta","FRGI","-1.31%","1.86%","9.44%","58.68%","63.41%","-43.83%"
"Financial Engines","FNGN","0.00%","0.07%","0.11%","48.35%","17.36%","0.92%"
"First Bancorp","FBP","2.80%","4.12%","2.93%","58.63%","39.72%","71.04%"
"First Commonwealth Financial","FCF","0.43%","3.32%","0.62%","13.13%","26.66%","66.67%"
"First Financial Bancorp","FFBC","-2.19%","0.16%","-3.40%","18.79%","13.00%","69.92%"
"First Financial Bankshares","FFIN","5.21%","8.45%","4.63%","25.42%","31.55%","56.94%"
"First Midwest","FMBI","-0.11%","2.70%","-1.50%","9.25%","13.85%","36.54%"
"First NBC Bank","FNBCQ","16.48%","-0.00%","25.00%","400.00%","150.00%","-99.87%"
"FirstCash","FCFS","0.92%","2.29%","2.13%","38.92%","61.69%","122.51%"
"Five Below","FIVE","-4.62%","1.56%","4.49%","55.22%","119.63%","175.31%"
"Flotek","FTK","-0.66%","0.00%","-8.51%","-35.41%","-64.80%","-76.47%"
"Forestar","FOR","-2.00%","1.38%","0.91%","0.45%","29.24%","65.92%"
"Forrester","FORR","-0.69%","-1.71%","-0.58%","-2.71%","4.62%","20.35%"
"Forward Air","FWRD","0.64%","-0.47%","-3.99%","4.27%","11.74%","22.15%"
"Four Corners Property Trust Inc","FCPT","-0.96%","-0.08%","3.89%","-3.27%","-1.66%","-"
"Fox Factory","FOXF","-1.64%","-2.39%","9.57%","31.15%","35.51%","206.74%"
"Francescass","FRAN","-1.02%","1.84%","-4.08%","6.02%","-16.85%","-38.39%"
"Franklin Electric","FELE","0.54%","0.32%","1.85%","1.74%","10.93%","68.35%"
"Franklin Street Properties","FSP","-1.51%","-4.07%","1.07%","-20.95%","-21.02%","-28.05%"
"Freds","FRED","-1.35%","-0.00%","-7.56%","-45.68%","-67.02%","-88.06%"
"FTD Companies Inc","FTD","-19.47%","-17.83%","-32.84%","-49.37%","-81.52%","-88.09%"
"FutureFuel","FF","-0.81%","-2.11%","-6.45%","-4.33%","-8.67%","11.40%"
"G-III Apparel","GIII","-0.15%","5.94%","2.54%","28.11%","89.88%","-33.71%"
"Gannett","GCI","-0.69%","-2.14%","-5.28%","-13.37%","13.83%","-21.50%"
"Genesco","GCO","-1.69%","3.43%","-3.66%","25.38%","27.15%","-37.39%"
"Gentherm","THRM","0.00%","0.87%","6.42%","27.87%","2.27%","-17.61%"
"Geo","GEO","-0.38%","-4.43%","-1.47%","10.55%","-13.00%","4.19%"
"Geospace","GEOS","-0.28%","-3.49%","5.61%","8.87%","0.57%","-18.62%"
"Getty","GTY","-0.81%","-0.60%","2.42%","4.23%","18.30%","70.13%"
"Gibraltar Industries","ROCK","-1.50%","0.77%","1.29%","19.09%","24.76%","94.55%"
"Glacier","GBCI","6.27%","8.06%","4.99%","8.91%","22.64%","45.37%"
"Glatfelter","GLT","-0.54%","2.17%","4.27%","-5.55%","0.90%","-6.47%"
"Government Propertiesome","GOV","-0.25%","-0.75%","5.79%","-14.24%","-8.99%","-13.07%"
"Great Western Bancorp Inc","GWB","0.77%","2.54%","-4.43%","4.62%","4.49%","66.89%"
"Green Dot","GDOT","0.34%","4.28%","5.97%","35.60%","106.39%","312.05%"
"Green Plains Energy","GPRE","-1.85%","-1.55%","-22.44%","-5.64%","-16.09%","-35.13%"
"Greenbrier","GBX","3.32%","5.68%","17.53%","8.16%","30.14%","27.86%"
"Greenhill&Co","GHL","0.16%","2.61%","7.51%","61.54%","62.37%","-21.25%"
"Griffon","GFF","-1.33%","3.06%","3.64%","-9.09%","-8.64%","15.62%"
"Group 1 Automotive","GPI","-0.35%","2.85%","-9.86%","-4.85%","9.01%","-25.09%"
"Guess?","GES","-2.26%","7.04%","4.17%","36.08%","82.16%","1.41%"
"Gulf Island Fabrication","GIFI","1.60%","-1.55%","-1.04%","-29.26%","-18.10%","-1.76%"
"H B Fuller","FUL","-0.58%","0.81%","4.55%","4.44%","9.24%","41.46%"
"Haemonetics","HAE","-0.19%","4.34%","6.03%","69.85%","147.93%","150.44%"
"Hanmi","HAFC","0.18%","-0.54%","-7.55%","-9.23%","-3.50%","6.87%"
"Harmonic","HLIT","1.71%","1.14%","4.71%","5.95%","4.71%","-32.78%"
"Harsco","HSC","-0.64%","4.45%","-4.48%","25.74%","50.80%","57.91%"
"Haverty Furniture","HVT","-0.47%","-2.55%","-5.83%","-7.28%","-6.25%","-7.77%"
"Hawaiian","HA","-0.66%","2.04%","-2.34%","-5.90%","-17.22%","55.67%"
"Hawkins","HWKN","2.31%","1.21%","11.72%","6.96%","-17.97%","0.83%"
"Haynes","HAYN","0.70%","2.13%","-0.03%","21.00%","27.27%","-12.02%"
"HCI Group Inc","HCI","-0.09%","1.32%","2.08%","41.40%","-6.75%","-6.27%"
"Healthcare Services","HCSG","-0.23%","-10.87%","-7.44%","-25.17%","-26.56%","15.38%"
"Healthequity Inc","HQY","0.44%","2.63%","2.12%","76.47%","73.79%","148.39%"
"HealthStream","HSTM","0.17%","-0.82%","4.33%","25.86%","12.07%","-5.11%"
"Heartland Express","HTLD","4.72%","10.42%","9.78%","-10.58%","-3.29%","5.14%"
"Heidrick&Struggles","HSII","-1.56%","-1.00%","-5.05%","41.75%","56.40%","40.44%"
"Helix","HLX","1.16%","2.11%","14.15%","15.52%","53.08%","-7.83%"
"HFF","HF","1.92%","4.78%","2.43%","-25.60%","2.41%","-11.58%"
"Hibbett Sports","HIBB","-2.04%","3.00%","4.57%","17.89%","22.08%","-46.40%"
"HighPoint","HPR","-0.75%","1.54%","10.35%","28.85%","86.72%","-4.48%"
"Hillenbrand","HI","0.10%","0.61%","4.54%","10.85%","37.45%","76.02%"
"HMS Holdings","HMSY","-0.86%","0.17%","5.99%","43.07%","26.17%","110.87%"
"Home BancShares","HOMB","-0.21%","2.96%","-0.21%","0.09%","-4.59%","-41.75%"
"Hope Bancorp","HOPE","1.05%","-1.02%","-6.30%","-4.71%","-3.07%","11.33%"
"Horace Mann Educators","HMN","0.11%","-1.63%","-0.55%","2.83%","27.21%","22.57%"
"Hornbeck","HOS","-0.41%","-6.18%","37.29%","56.27%","88.37%","-70.90%"
"Hub Group","HUBG","0.10%","-1.77%","-4.76%","4.38%","26.42%","18.26%"
"Iconix Brand","ICON","0.73%","4.84%","-2.99%","-49.61%","-90.44%","-97.17%"
"ICU Medical","ICUI","-0.99%","0.47%","2.04%","39.19%","74.64%","202.16%"
"II-VI","IIVI","-2.45%","0.92%","-7.49%","-6.60%","14.79%","150.57%"
"ILG","ILG","-0.15%","0.97%","1.51%","20.72%","27.85%","56.34%"
"Independent Bank","INDB","7.96%","12.29%","7.24%","26.20%","23.55%","78.12%"
"Ingevity","NGVT","-0.08%","2.02%","10.96%","27.69%","56.46%","-"
"Innophoss","IPHS","-0.76%","0.97%","1.51%","6.44%","15.76%","0.04%"
"Innospec","IOSP","-1.15%","-0.55%","2.13%","15.51%","27.02%","87.90%"
"Inogen Inc","INGN","-1.77%","5.65%","12.72%","76.12%","120.25%","385.24%"
"Insight Enterprises","NSIT","0.04%","1.29%","-0.30%","30.92%","22.09%","79.10%"
"Insperity","NSP","-0.36%","0.98%","2.62%","70.44%","174.66%","90.99%"
"Installed Building","IBP","-1.68%","5.80%","0.17%","-23.17%","14.08%","108.24%"
"Integer Hld","ITGR","-0.41%","-1.84%","10.41%","59.27%","61.95%","45.35%"
"Integra","IART","-0.43%","-0.08%","-4.26%","31.53%","14.37%","91.86%"
"Inter Parfums","IPAR","0.89%","2.71%","4.02%","31.07%","51.66%","73.05%"
"Interactive Brokers","IBKR","-0.02%","1.89%","-4.95%","5.83%","61.66%","41.54%"
"Interface, Inc.","TILE","-0.42%","-0.42%","-2.70%","-6.76%","24.07%","-3.62%"
"INTL FCStone","INTL","-2.97%","-0.60%","1.35%","25.09%","40.78%","66.15%"
"Intrepid Potash","IPI","-1.46%","1.25%","-10.99%","-14.92%","43.62%","-58.84%"
"Invacare","IVC","-2.49%","1.73%","-8.33%","4.45%","37.50%","-17.06%"
"Investment Tech","ITG","0.13%","3.04%","3.56%","16.21%","0.45%","-10.12%"
"Iridium","IRDM","0.00%","-0.54%","11.62%","54.66%","65.16%","124.75%"
"iRobot","IRBT","-4.92%","-7.83%","-2.45%","-3.44%","-16.29%","137.83%"
"Itron","ITRI","1.41%","0.57%","3.20%","-10.04%","-16.64%","101.48%"
"J & J Snack Foods","JJSF","-0.03%","-0.65%","0.34%","2.35%","13.55%","36.72%"
"John Bean Tech","JBT","1.95%","5.34%","2.55%","-12.77%","3.09%","165.89%"
"Kaiser","KALU","-0.30%","0.84%","-1.23%","1.20%","12.76%","26.39%"
"Kaman","KAMN","-0.54%","0.64%","-5.31%","15.41%","33.60%","65.80%"
"KapStone Paper&Packaging","KS","-0.11%","0.46%","0.17%","53.28%","52.74%","40.70%"
"Kelly Services A","KELYA","-1.25%","1.33%","-0.04%","-15.95%","-2.30%","51.99%"
"Kirklands","KIRK","-2.16%","-0.44%","-11.26%","-5.10%","18.48%","-58.59%"
"Kite","KRG","-1.48%","-0.83%","-5.08%","-15.15%","-15.33%","-36.70%"
"Knight Transportation","KNX","-0.03%","0.18%","-6.45%","-13.13%","7.29%","43.86%"
"Kopin","KOPN","0.00%","2.30%","-2.51%","-2.81%","-22.83%","2.30%"
"Koppers","KOP","-0.38%","4.41%","0.64%","-23.28%","4.97%","79.54%"
"Korn/Ferry","KFY","-0.36%","1.02%","2.07%","58.36%","89.56%","88.09%"
"Kraton","KRA","-1.81%","0.71%","1.01%","0.15%","38.07%","113.45%"
"Kulicke&Soffa","KLIC","-2.21%","-3.76%","14.16%","12.61%","23.97%","161.30%"
"La-Z-Boy","LZB","0.00%","7.64%","8.72%","3.85%","0.15%","24.47%"
"Lannett Com","LCI","-3.52%","-9.19%","-12.10%","-46.77%","-42.56%","-79.14%"
"LCI Industries","LCII","-1.12%","3.17%","4.67%","-24.96%","-4.27%","67.47%"
"Legacy Texas Financial Grp","LTXB","1.53%","15.57%","9.79%","5.50%","14.62%","42.18%"
"Lendingtree","TREE","-0.30%","6.70%","-3.73%","-27.29%","36.07%","191.92%"
"Lexington","LXP","-0.91%","-2.03%","-3.34%","-9.95%","-14.47%","0.35%"
"LGI Homes","LGIH","-2.96%","2.81%","5.27%","-20.15%","38.42%","207.55%"
"LHC Group","LHCG","0.13%","0.33%","0.81%","42.22%","37.33%","109.50%"
"Ligand","LGND","-0.28%","4.88%","16.88%","69.34%","88.44%","118.14%"
"Lindsay","LNN","-0.52%","-0.27%","-4.36%","6.13%","0.91%","12.34%"
"Liquidity Services","LQDT","0.00%","0.73%","5.34%","42.27%","6.98%","-28.13%"
"Lithia Motors","LAD","-0.91%","-0.41%","-4.80%","-16.08%","-3.85%","-19.02%"
"Littelfuse","LFUS","-0.75%","-0.43%","-2.18%","14.67%","23.97%","147.60%"
"LivePerson","LPSN","1.09%","5.20%","3.10%","102.17%","98.72%","134.61%"
"LogMeIn","LOGM","-0.14%","-1.18%","1.44%","-4.72%","-1.98%","64.80%"
"Lsb Industries","LXU","1.22%","6.74%","37.78%","-15.07%","-31.99%","-79.89%"
"LSC Communications","LKSD","-0.81%","0.82%","-8.88%","-3.17%","-29.54%","-"
"LTC Properties","LTC","-0.38%","-1.09%","-1.67%","-4.25%","-18.59%","-3.89%"
"Lumber Liquidators","LL","-2.78%","-2.33%","-0.27%","-18.54%","3.82%","30.39%"
"Lumentum Holdings Inc","LITE","-8.42%","-7.56%","-5.72%","11.25%","-14.13%","-"
"Luminex","LMNX","-1.97%","4.91%","7.48%","69.14%","60.89%","91.49%"
"Lydall","LDL","-1.53%","1.35%","4.90%","-11.33%","-9.09%","48.81%"
"M/I Homes","MHO","-3.95%","-1.10%","1.77%","-21.48%","-0.88%","8.60%"
"Magellan Health","MGLN","-3.72%","-7.27%","-7.45%","-4.82%","15.09%","37.74%"
"Maiden Holdings","MHLD","1.23%","7.84%","-1.79%","25.00%","-24.66%","-49.04%"
"ManTech","MANT","-0.31%","0.92%","10.12%","19.84%","51.51%","101.78%"
"Marcus","MCS","-0.15%","0.15%","0.91%","21.21%","17.76%","66.00%"
"MarineMax","HZO","-1.18%","1.20%","-4.98%","11.11%","43.34%","-5.02%"
"Marriot Vacations Worldwide","VAC","-0.07%","1.81%","1.70%","-11.26%","3.87%","30.75%"
"Marten Transport","MRTN","0.21%","4.43%","-1.87%","16.01%","42.30%","100.60%"
"Masimo","MASI","0.47%","2.86%","2.36%","20.68%","6.39%","141.08%"
"Materion","MTRN","-0.18%","0.45%","1.55%","14.81%","47.62%","62.16%"
"Matrix","MTRX","-1.54%","-5.19%","1.59%","7.87%","106.45%","-0.36%"
"Matson","MATX","-0.46%","-2.21%","-5.83%","22.82%","23.73%","-12.13%"
"Matthews","MATW","-0.26%","-2.90%","-2.17%","10.98%","-10.47%","7.78%"
"MDC","MDC","-2.54%","0.16%","6.31%","-0.13%","-3.43%","11.02%"
"Medidata","MDSO","0.02%","2.65%","5.60%","37.29%","16.34%","54.94%"
"MEDIFAST","MED","-0.23%","3.16%","10.62%","145.31%","306.67%","451.71%"
"Mercury","MRCY","-1.11%","1.06%","8.81%","-19.88%","-6.58%","183.53%"
"Meridian","VIVO","0.00%","0.96%","-5.37%","13.21%","4.62%","-18.80%"
"Merit","MMSI","-0.27%","0.09%","10.71%","29.17%","45.88%","145.49%"
"Meritage","MTH","-3.34%","-2.18%","2.75%","-12.40%","6.53%","-5.82%"
"Methode Electronics","MEI","-0.76%","-0.63%","-2.61%","-2.37%","-3.33%","49.43%"
"MicroStrategy","MSTR","-1.64%","-0.40%","3.16%","3.04%","-28.22%","-26.36%"
"MiMedx","MDXG","-6.97%","10.98%","-37.46%","-70.34%","-74.80%","-70.57%"
"MKS Instruments","MKSI","-0.29%","4.37%","2.32%","7.30%","27.63%","185.47%"
"Mobile Mini","MINI","-0.42%","-1.55%","0.85%","37.83%","54.63%","17.29%"
"Momenta","MNTA","1.34%","8.39%","41.49%","117.56%","80.65%","31.39%"
"Monarch","MCRI","0.04%","0.74%","3.82%","6.78%","60.87%","140.87%"
"Monotype","TYPE","-1.22%","-3.35%","-5.16%","-16.18%","8.31%","-15.20%"
"Monro Muffler Brake","MNRO","-0.44%","5.31%","13.05%","20.19%","41.57%","10.37%"
"Moog","MOGa","1.95%","4.04%","5.78%","-6.25%","10.72%","19.58%"
"Motorcar Parts","MPAA","-1.10%","7.03%","8.54%","-17.13%","-25.18%","-26.74%"
"Movado","MOV","-0.71%","4.81%","0.93%","52.33%","97.38%","80.93%"
"MTS Systems","MTSC","-0.09%","0.28%","1.40%","1.02%","2.17%","-15.23%"
"Mueller Industries","MLI","0.17%","-0.37%","-2.25%","-16.71%","-2.70%","-10.49%"
"Multi-Color","LABL","-0.92%","-3.07%","-7.25%","-13.63%","-18.58%","1.70%"
"Myers Industries","MYE","-1.35%","1.10%","-6.15%","-6.15%","1.10%","7.52%"
"MYR Group","MYRG","1.43%","-0.75%","5.73%","7.36%","22.56%","22.87%"
"Nanometrics","NANO","-0.66%","0.95%","-2.33%","49.96%","35.94%","147.16%"
"National Presto Industries","NPK","-0.08%","-0.42%","-7.73%","20.56%","7.53%","49.06%"
"Natus","BABY","0.61%","0.77%","-10.88%","-14.27%","-15.37%","-29.31%"
"Nautilus","NLS","1.39%","-0.34%","-9.60%","9.36%","-20.65%","-34.56%"
"Navigant","NCI","-0.75%","-2.25%","-12.00%","9.53%","5.30%","42.68%"
"NBT Bancorp","NBTB","0.63%","3.45%","0.25%","8.37%","9.71%","47.70%"
"Neenah Paper","NP","-0.40%","1.09%","4.33%","-2.92%","10.21%","41.68%"
"Nektar","NKTR","-0.71%","1.97%","-7.80%","-18.40%","119.11%","281.00%"
"Neogen","NEOG","0.39%","0.12%","-1.78%","33.17%","63.05%","35.38%"
"NETGEAR","NTGR","-0.33%","-0.33%","17.07%","29.02%","71.88%","162.56%"
"Newpark Resources","NR","-1.02%","-5.34%","-11.36%","13.37%","32.65%","31.40%"
"NIC","EGOV","-0.92%","-1.22%","-0.62%","-2.71%","-1.22%","-7.18%"
"Northern Oil&Gas","NOG","-0.87%","0.29%","23.47%","66.83%","197.39%","-35.47%"
"Northfield Bancorp","NFBK","0.18%","0.47%","-1.28%","-0.59%","-0.06%","8.43%"
"Northwest Bancshares","NWBI","0.67%","1.36%","-1.16%","7.05%","15.85%","37.98%"
"Northwest Natural Gas","NWN","-0.23%","-0.39%","2.23%","7.38%","2.15%","47.72%"
"NutriSystem","NTRI","-0.74%","2.70%","6.38%","-23.95%","-32.43%","53.26%"
"OFG Bancorp","OFG","8.90%","9.66%","12.37%","69.15%","58.21%","65.11%"
"Old National Bancorp","ONB","0.79%","3.78%","1.32%","10.03%","15.66%","31.60%"
"Ollies Bargain Outlet Holdings Inc","OLLI","-1.80%","-1.60%","-0.27%","38.22%","67.84%","256.42%"
"Olympic Steel","ZEUS","0.00%","1.03%","1.21%","5.17%","28.70%","78.23%"
"Omnicell","OMCL","0.92%","2.51%","5.05%","13.61%","27.55%","38.58%"
"Onespan","OSPN","2.23%","-0.00%","0.73%","48.20%","47.14%","-20.25%"
"Opus Bank","OPB","-0.50%","2.42%","1.89%","8.61%","26.17%","-21.97%"
"Orion Group","ORN","-2.16%","3.77%","8.61%","15.96%","26.11%","22.54%"
"Oritani","ORIT","0.61%","1.23%","-3.24%","0.30%","-2.66%","7.31%"
"OSI Systems","OSIS","0.66%","1.13%","1.18%","21.36%","-0.56%","11.17%"
"Oxford Industries","OXM","0.29%","6.64%","10.98%","23.69%","48.35%","9.15%"
"Papa John's","PZZA","1.16%","-3.66%","-5.04%","-8.06%","-32.60%","-32.31%"
"Park Electrochemical","PKE","-0.42%","0.56%","0.69%","19.39%","29.26%","30.99%"
"Patrick","PATK","-1.71%","1.52%","0.75%","-13.32%","24.97%","55.88%"
"PDC Energy","PDCE","0.48%","-1.40%","-0.83%","18.47%","38.77%","42.53%"
"Pennsylvania RE","PEI","-0.92%","-4.53%","-7.65%","-9.59%","-10.57%","-52.68%"
"Perficient","PRFT","-0.26%","-0.70%","0.11%","41.85%","45.74%","67.08%"
"Perry Ellis","PERY","-0.04%","-1.57%","3.63%","12.98%","42.09%","17.63%"
"PetMed Express","PETS","-2.85%","3.08%","-12.19%","-11.67%","-0.86%","133.93%"
"PGT Innovations","PGTI","0.00%","0.94%","3.61%","27.89%","65.77%","42.62%"
"Phibro","PAHC","0.85%","-1.76%","0.32%","41.79%","24.02%","23.83%"
"Pinnacle","PNFP","1.12%","4.83%","-2.85%","-5.05%","-2.78%","15.25%"
"Pioneer Energy Services","PES","-1.92%","-8.11%","-0.97%","67.21%","117.02%","27.82%"
"Piper Jaffray","PJC","0.00%","0.59%","-4.57%","-11.54%","17.57%","88.02%"
"Plexus","PLXS","-1.17%","-1.47%","-0.96%","0.58%","12.14%","56.07%"
"Powell Industries","POWL","0.03%","-2.96%","1.12%","22.48%","5.03%","7.84%"
"Power Integrations","POWI","-1.29%","-0.52%","-2.11%","4.01%","-6.19%","97.27%"
"PRA Group Inc","PRAA","0.23%","1.89%","10.38%","29.67%","9.96%","-31.56%"
"ProAssurance","PRA","1.17%","7.14%","6.27%","-31.76%","-35.38%","-17.41%"
"Progress","PRGS","-0.69%","1.06%","7.92%","-8.08%","23.13%","32.11%"
"Proto Labs","PRLB","0.48%","4.73%","6.38%","31.07%","89.08%","96.76%"
"Provident","PFS","0.72%","2.16%","-2.52%","3.30%","8.91%","43.76%"
"PS Business Parks","PSB","-1.57%","-2.72%","-0.46%","1.28%","-2.18%","66.19%"
"Quaker Chemical","KWR","-0.04%","2.08%","0.94%","7.89%","8.48%","100.12%"
"Quality Systems","QSII","2.33%","1.87%","0.10%","48.45%","16.87%","20.07%"
"Qualys","QLYS","0.73%","3.96%","9.29%","63.52%","132.18%","163.08%"
"Quanex Building Products","NX","-3.52%","1.71%","-3.00%","-23.93%","-16.04%","-15.28%"
"QuinStreet","QNST","-0.14%","-4.97%","0.36%","64.44%","271.43%","115.31%"
"Quorum Health","QHC","-1.58%","-1.13%","-15.15%","-29.97%","14.10%","-"
"Rambus","RMBS","0.91%","5.89%","0.68%","-6.47%","5.47%","0.68%"
"Raven","RAVN","0.25%","0.89%","1.28%","15.57%","14.74%","104.64%"
"Rayonier Advanced Materials","RYAM","-7.78%","-3.06%","4.08%","-16.48%","16.99%","40.92%"
"Re Max Holding","RMAX","-0.63%","-0.80%","1.00%","14.64%","-4.39%","41.55%"
"Red Robin Gourmet Burgers","RRGB","-0.10%","1.83%","-3.85%","-11.35%","-21.57%","-45.66%"
"Regis","RGS","-0.17%","1.37%","3.67%","15.82%","77.72%","18.44%"
"Rent-A-Center","RCII","0.00%","-0.07%","-0.74%","32.79%","15.43%","-48.39%"
"Repligen","RGEN","0.00%","1.94%","5.40%","34.48%","14.94%","26.63%"
"Resources Connection","RECN","0.70%","-18.29%","-18.98%","-7.44%","5.15%","-5.36%"
"Retail Opportunity","ROIC","-0.63%","-0.52%","-2.51%","-4.61%","-4.95%","12.67%"
"REX American Resources","REX","0.69%","0.57%","-8.52%","-10.51%","-22.72%","30.10%"
"RLI","RLI","3.50%","7.16%","8.15%","19.93%","26.39%","32.80%"
"Roadrunner","RRTS","-2.63%","-6.50%","-1.52%","-66.41%","-62.79%","-89.90%"
"Rogers","ROG","-0.64%","1.45%","3.00%","-26.46%","1.90%","123.12%"
"RR Donnelley & Sons","RRD","-2.31%","-2.13%","-22.94%","-40.75%","-55.38%","-80.07%"
"Rudolph","RTEC","-0.99%","0.67%","-3.69%","25.73%","19.01%","164.99%"
"Ruth's Hospitality","RUTH","1.00%","5.40%","7.08%","39.72%","43.71%","85.24%"
"S&T Bancorp","STBA","0.98%","4.42%","2.50%","14.44%","19.99%","39.75%"
"Sabra","SBRA","-1.88%","-2.57%","2.47%","16.94%","-6.40%","-19.54%"
"Safety Insurance","SAFT","-0.39%","1.77%","2.89%","10.88%","25.74%","51.87%"
"Saia","SAIA","-1.45%","2.09%","-5.56%","10.46%","50.72%","100.69%"
"Sanderson Farms","SAFM","0.05%","-3.46%","-1.46%","-28.64%","-16.60%","48.00%"
"Sanmina","SANM","-1.59%","0.65%","0.98%","-6.52%","-25.75%","43.36%"
"Saul Centers","BFS","-0.26%","-2.39%","0.53%","-13.23%","-10.74%","2.29%"
"ScanSource","SCSC","-0.12%","-0.84%","0.85%","15.92%","1.72%","10.64%"
"Scholastic","SCHL","0.16%","-7.26%","-5.49%","7.68%","2.47%","-1.33%"
"Schweitzer-Mauduit","SWM","-0.83%","-1.85%","-1.29%","-5.49%","11.18%","9.11%"
"Scientific Games","SGMS","-2.45%","-2.26%","-4.51%","-3.12%","85.10%","207.93%"
"SEACOR","CKH","-1.03%","0.65%","-6.08%","16.70%","52.80%","-15.89%"
"Select Medical","SEM","0.78%","2.91%","5.14%","10.20%","18.24%","24.44%"
"Selective","SIGI","1.04%","1.30%","1.39%","-0.77%","14.89%","92.94%"
"Semtech","SMTC","0.39%","1.69%","2.51%","49.12%","28.30%","186.52%"
"Seneca Foods A","SENEA","1.83%","1.09%","2.39%","-9.43%","-2.11%","-6.86%"
"ServisFirst Bancshares","SFBS","-4.42%","-2.72%","-5.87%","0.00%","14.61%","110.87%"
"Shoe Carnival","SCVL","-3.03%","-4.06%","-7.30%","18.24%","69.87%","12.72%"
"Shutterstock","SSTK","-0.92%","-3.38%","4.72%","14.87%","14.45%","-5.29%"
"Simmons First National","SFNC","0.97%","5.23%","0.48%","9.28%","16.42%","-34.99%"
"Simpson Manufacturing","SSD","-0.30%","-2.98%","0.05%","9.41%","41.15%","76.04%"
"SkyWest","SKYW","-1.07%","1.09%","-0.18%","4.52%","46.44%","264.41%"
"Sleep Number","SL2","2.82%","4.72%","0.23%","-14.33%","-3.68%","-6.89%"
"Sonic","SONC","0.85%","4.05%","3.23%","33.84%","48.97%","23.71%"
"Sonic Automotive","SAH","-5.71%","-9.70%","-22.27%","-1.63%","-5.71%","-23.87%"
"South Jersey Industries","SJI","-0.41%","0.24%","1.81%","8.01%","-2.03%","36.01%"
"Southside","SBSI","0.66%","4.03%","1.07%","4.19%","-0.03%","30.35%"
"SpartanNash Co","SPTN","-1.18%","-3.58%","1.46%","-6.07%","-5.90%","-21.07%"
"Spectrum","SPPI","-0.08%","3.76%","22.87%","25.33%","192.49%","225.34%"
"Spire","SR","-0.48%","0.14%","1.62%","-3.93%","0.28%","34.23%"
"Spok Holdings","SPOK","-0.69%","-5.90%","-7.72%","-8.31%","-18.70%","-9.41%"
"SPS Commerce","SPSC","-0.30%","-1.00%","0.78%","57.09%","29.50%","2.97%"
"SPX Corp","SPXC","-0.68%","-0.85%","2.31%","15.64%","27.41%","122.29%"
"SPX FLOW Inc","FLOW","1.17%","3.06%","0.94%","-5.24%","24.13%","-"
"Stage Stores","SSI","-1.67%","1.72%","-2.07%","40.48%","19.19%","-86.82%"
"Stampscom","STMP","-1.77%","-0.50%","6.77%","43.48%","80.13%","255.50%"
"Standard Motor Products","SMP","0.00%","2.56%","-4.20%","8.06%","-7.07%","43.75%"
"Standex","SXI","-0.29%","0.87%","-0.81%","2.01%","10.41%","33.75%"
"Stein Mart","SMRT","-0.81%","12.96%","-11.91%","110.34%","95.20%","-75.91%"
"Stepan","SCL","0.30%","2.50%","7.26%","4.52%","-8.35%","74.02%"
"Sterling Bancorp","STL","-0.22%","0.87%","-4.74%","-6.10%","2.90%","56.82%"
"Steven Madden","SHOO","-1.96%","5.75%","3.76%","18.09%","38.57%","31.15%"
"Stewart Info Services","STC","0.29%","4.08%","5.14%","6.78%","12.73%","12.95%"
"Strayer","STRA","0.08%","0.42%","5.52%","33.97%","29.77%","159.59%"
"Sturm Ruger&Company","RGR","-0.79%","0.81%","-2.52%","0.63%","-2.18%","-0.88%"
"Summit Hotel Properties","INN","-0.49%","-1.05%","-1.67%","-6.96%","-20.62%","1.07%"
"SunCoke Energy","SXC","-0.37%","2.77%","-1.11%","11.51%","26.73%","9.59%"
"Super Micro Computer","SMCI","-2.06%","-1.04%","-4.62%","13.47%","-7.59%","-6.46%"
"Superior Industries","SUP","-1.15%","-2.55%","-11.11%","15.82%","-14.43%","-0.81%"
"Supernus","SUPN","1.15%","6.14%","-3.81%","37.70%","30.04%","172.60%"
"Supervalu","SVU","-3.83%","-6.02%","-2.92%","-4.58%","-9.68%","-62.06%"
"SurModics","SRDX","0.83%","1.50%","9.36%","116.96%","122.94%","149.59%"
"Sykes","SYKE","-0.79%","-1.48%","3.48%","-4.52%","-11.47%","21.09%"
"Synchronoss Tech","SNCR","-2.32%","-3.01%","-22.96%","-38.81%","-66.36%","-88.52%"
"Synergy Resources","SRCI","0.73%","1.86%","2.52%","28.60%","53.86%","13.68%"
"Tailored Brands","TLRD","-4.03%","0.45%","-15.92%","2.57%","89.26%","-63.97%"
"Take-Two","TTWO","-0.63%","0.21%","8.25%","15.33%","59.76%","302.06%"
"Team","TISI","-0.45%","4.75%","1.38%","47.99%","-10.18%","-50.42%"
"Tennant","TNC","0.77%","-0.63%","1.48%","8.47%","6.56%","23.90%"
"Tetra Tech","TTEK","-0.74%","0.84%","4.06%","25.13%","28.60%","137.95%"
"Tetra Technologies","TTI","-2.23%","-8.92%","-1.79%","2.81%","55.67%","-15.58%"
"Texas Capital","TCBI","0.26%","5.76%","1.63%","8.49%","20.19%","58.87%"
"The Andersons","ANDE","1.29%","-0.00%","1.29%","13.80%","4.73%","-2.56%"
"The Childrens Place","PLCE","-1.68%","8.12%","-1.72%","-13.38%","22.59%","99.94%"
"The Ensign","ENSG","-0.60%","1.12%","0.66%","70.81%","67.05%","44.18%"
"The Medicines","MDCO","-0.70%","-0.60%","9.70%","45.57%","0.84%","17.61%"
"The Navigators","NAVG","1.29%","2.79%","0.86%","20.94%","5.27%","48.74%"
"The Providence Service","PRSC","-0.86%","-1.88%","-8.01%","20.34%","34.74%","57.33%"
"Tidewater","TDW","-0.32%","2.84%","10.41%","29.06%","10.15%","-94.50%"
"Tile Shop","TTS","-5.38%","9.32%","11.39%","-8.33%","-36.92%","-39.02%"
"Timkensteel Corp","TMST","-0.51%","0.62%","-0.34%","16.59%","11.74%","-14.40%"
"Titan","TWI","-3.39%","-2.93%","-7.73%","-20.34%","-15.49%","11.52%"
"Tivity Health","TVTY","1.17%","-4.54%","-2.39%","-5.06%","-12.70%","179.84%"
"TiVo","TIVO","0.39%","-2.29%","-9.86%","-17.95%","-33.85%","-0.08%"
"Tompkins","TMP","4.54%","5.38%","2.23%","12.03%","16.03%","64.69%"
"Topbuild Corp","BLD","-0.93%","3.81%","6.41%","9.82%","58.47%","169.37%"
"Tredegar","TG","-1.01%","2.51%","1.66%","27.86%","60.46%","12.56%"
"Trex","TREX","-0.57%","4.15%","5.92%","25.50%","85.90%","44.02%"
"TrueBlue","TBI","-1.43%","2.03%","-0.72%","0.36%","3.18%","-2.47%"
"TrustCo Bank NY","TRST","1.12%","1.69%","-0.55%","-1.63%","18.30%","32.89%"
"TTEC","TTEC","1.77%","-2.12%","-6.37%","-14.16%","-16.85%","26.65%"
"TTM","TTMI","-1.68%","-3.35%","-6.93%","12.25%","-7.18%","88.94%"
"Tuesday Morning","TUES","-0.91%","-2.50%","-9.00%","-0.73%","51.67%","-73.16%"
"U S Concrete","USCR","-0.29%","1.95%","-11.13%","-37.48%","-32.99%","19.73%"
"UMB Financial","UMBF","0.81%","2.81%","-0.50%","8.84%","7.63%","37.33%"
"Unifi","UFI","-0.76%","-1.10%","-0.10%","-12.21%","4.20%","-2.51%"
"Unifirst","UNF","0.40%","-1.27%","2.41%","13.52%","32.81%","65.20%"
"Unit","UNT","-2.54%","-4.88%","3.50%","17.05%","44.50%","18.23%"
"United Bankshares","UBSI","1.11%","2.82%","-4.45%","5.04%","-1.75%","-15.18%"
"United Community Banks","UCBI","-0.13%","2.43%","-5.84%","9.49%","8.56%","39.98%"
"United Fire","UFCS","1.28%","1.73%","2.65%","24.97%","28.00%","61.04%"
"United Insurances","UIHC","-0.05%","1.20%","0.49%","17.74%","27.74%","25.84%"
"Universal","UVV","1.39%","-3.95%","-0.68%","25.14%","2.26%","15.47%"
"Universal Electronics","UEIC","1.29%","1.87%","13.64%","-25.08%","-47.40%","-31.59%"
"Universal Forest","UFPI","1.41%","-3.24%","-0.08%","-2.50%","29.79%","-40.91%"
"Universal Health RI","UHT","0.37%","-1.25%","-1.82%","-13.63%","-22.24%","30.94%"
"Universal Insurance","UVE","0.13%","2.73%","6.51%","37.66%","60.21%","41.49%"
"Urstadt Biddle Properties","UBA","-0.22%","0.27%","-2.09%","3.27%","7.62%","14.42%"
"US Ecology","ECOL","1.00%","-0.08%","4.70%","28.73%","24.45%","46.38%"
"US Physicalrapy","USPH","0.58%","5.82%","5.82%","44.88%","68.17%","91.12%"
"US Silica","SLCA","-1.29%","-5.15%","-11.42%","-24.72%","-19.90%","6.57%"
"Veeco","VECO","-2.22%","0.65%","1.64%","4.04%","-52.09%","-42.00%"
"Vera Bradley","VRA","-2.34%","4.01%","-6.65%","12.97%","44.08%","24.86%"
"Veritiv Cor","VRTV","-1.23%","1.39%","5.10%","38.93%","-0.74%","6.53%"
"Viad","VVI","-0.18%","-0.18%","0.62%","2.80%","15.52%","115.72%"
"Viavi Solutions","VIAV","0.49%","-1.34%","3.41%","18.08%","-8.27%","62.26%"
"Vicor","VICR","-0.69%","1.91%","9.52%","142.11%","156.20%","355.86%"
"Virtus","VRTS","0.58%","-1.86%","-6.15%","12.17%","14.05%","5.03%"
"Virtusa","VRTU","-0.04%","-0.15%","11.77%","22.80%","62.31%","4.80%"
"Vitamin Shoppe","VSI","2.80%","6.52%","2.08%","67.05%","-32.26%","-79.91%"
"Wabash National","WNC","-1.63%","2.21%","0.61%","-8.39%","-12.35%","61.76%"
"WageWorks","WAGE","1.08%","-1.53%","1.08%","-16.69%","-20.05%","16.96%"
"Walker&Dunlop","WD","0.32%","3.85%","1.50%","25.35%","17.71%","119.70%"
"Watts Water Technologies","WTS","0.18%","1.20%","6.13%","10.60%","30.03%","67.90%"
"WD-40","WDFC","-0.93%","-1.60%","8.09%","35.34%","47.39%","78.74%"
"Westamerica Bancorporation","WABC","-1.02%","1.18%","-1.81%","-0.72%","8.36%","15.40%"
"Winnebago Industries","WGO","-2.46%","0.36%","-7.44%","-25.00%","19.83%","85.75%"
"Wintrust","WTFC","-1.05%","4.16%","-0.77%","9.69%","18.27%","63.35%"
"Wolverine","WWW","-1.07%","7.21%","1.18%","13.33%","31.10%","22.35%"
"World Acceptance","WRLD","3.06%","12.11%","2.74%","53.61%","63.49%","114.07%"
"WWE","WWE","0.97%","7.83%","23.50%","171.16%","290.95%","370.87%"
"XO","XOXO","-0.67%","-1.88%","3.19%","84.02%","88.41%","119.73%"
"Xperi","XPER","-1.20%","-2.37%","-3.24%","-32.58%","-45.62%","-53.04%"
"Zumiez","ZUMZ","-0.92%","4.69%","-18.91%","3.99%","71.15%","-19.16%"
